Department,Email,Entry Type,Data Content,Created At
Computer Science,cs@college.edu,Student Records,"Enrolled 150 new students for Fall 2024 semester. Breakdown: 80 undergraduate, 70 graduate students.",2025-08-16 05:21:28
Computer Science,cs@college.edu,Course Information,CS101 Introduction to Programming - 45 students enrolled. CS201 Data Structures - 32 students enrolled.,2025-08-16 05:21:28
Mathematics,math@college.edu,Faculty Data,"Prof. Smith joined as Associate Professor of Mathematics. PhD from MIT, specializes in Applied Mathematics.",2025-08-16 05:21:28
Mathematics,math@college.edu,Research Data,Ongoing research project on Advanced Calculus applications in Engineering. Expected completion: June 2025.,2025-08-16 05:21:28
Physics,physics@college.edu,Administrative Info,Department meeting scheduled for next Friday. Agenda: Budget review and new equipment procurement.,2025-08-16 05:21:28
Physics,physics@college.edu,Student Records,Physics laboratory sessions increased from 2 to 3 hours per week to improve practical understanding.,2025-08-16 05:21:28
Chemistry,chemistry@college.edu,Research Data,Chemical analysis of new polymer compounds completed. Results show 15% improvement in tensile strength.,2025-08-16 05:21:28
Biology,bio@college.edu,Course Information,Biology field trip to National Park scheduled for next month. 25 students registered.,2025-08-16 05:21:28
English,english@college.edu,Faculty Data,Dr. Johnson received Excellence in Teaching award for innovative English literature curriculum.,2025-08-16 05:21:28
